"Ключевое слово";"Слов";"Символов";"Частотность Весь мир";"""!Частотность !Весь !мир"""
"комиссия";1;8;4006078;12797
"эквайринговые комиссии";2;22;6309;726
"избирательная комиссия";2;22;114608;984
"комиссия водительская";2;21;60624;1363
"комиссия это";2;12;4006078;822
"комиссия 30";2;11;33381;1155
"сбп комиссия";2;12;32224;757
"комиссии";1;8;4006078;2701
"комиссия тинькофф";2;17;194415;1159
"пмпк комиссия";2;13;26215;1476
"30 комиссия";2;11;33381;1155
"договор комиссии";2;16;46801;2925
"комиссия пмпк";2;13;26232;1494
"тинькофф комиссия";2;17;170772;760
"водительская комиссия";2;21;60624;1363
"уложенная комиссия";2;18;54869;5001
"комиссия сбп";2;12;31746;715
"трехсторонняя комиссия";2;22;6930;437
"комиссия сбербанка";2;18;475043;458
"призывная комиссия";2;18;21567;519
"медицинская комиссия";2;20;67534;452
"киви комиссия";2;13;34730;502
"межведомственная комиссия";2;25;23814;450
"правительственная комиссия";2;26;29230;626
"комиссия киви";2;13;34730;502
"сбербанк комиссия";2;17;440958;543
"европейская комиссия";2;20;6420;476
"шоферская комиссия";2;18;22778;643
"комиссия сбербанк";2;17;475043;599
"комиссия медицинская";2;20;67534;452
"ревизионная комиссия";2;20;23513;536
"приемная комиссия";2;17;76605;688
"комиссию";1;8;4006503;425
"бракеражная комиссия";2;20;7476;341
"комиссия вайлдберриз";2;20;5949;351
"мандатная комиссия";2;18;2195;372
"комиссия бинанс";2;15;14890;347
"аккредитационная комиссия";2;25;22284;352
"избирательные комиссии";2;22;114608;344
"редакционные комиссии";2;21;6400;403
"без комиссии";2;12;1080606;360
"оружейная комиссия";2;18;8339;384
"вайлдберриз комиссия";2;20;5949;351
"врачебная комиссия";2;18;37170;422
"административная комиссия";2;25;24836;391
"бинанс комиссия";2;15;14890;347
"эквайринговая комиссия";2;22;6309;376
"аттестационная комиссия";2;23;43030;422
"комиссия озон";2;13;9093;321
"комиссия 12";2;11;19845;273
"комиссия стим";2;13;5137;288
"комиссии бинанс";2;15;14890;301
"binance комиссия";2;16;8005;286
"binance комиссии";2;16;8005;298
"члены комиссии";2;14;76426;281
"озон комиссия";2;13;8924;310
"бинанс комиссии";2;15;14890;301
"ввк комиссия";2;12;2938;309
"комиссии binance";2;16;8005;298
"paypal комиссия";2;15;2479;318
"комиссии тинькофф";2;17;194415;309
"комиссия binance";2;16;8005;286
"комиссия ввк";2;12;2938;309
"комиссия paypal";2;15;2479;318
"комиссия банкоматы";2;18;157151;267
"венецианская комиссия";2;21;1996;195
"комиссия брокера";2;16;22051;226
"payeer комиссии";2;15;3233;242
"комиссия цб";2;11;20491;224
"комиссия банка";2;14;422780;238
"12 комиссия";2;11;18817;203
"комиссия втб";2;12;119867;256
"порно комиссии";2;14;1313;241
"qiwi комиссия";2;13;5367;252
"комиссии озон";2;13;9093;227
"втб комиссия";2;12;119867;256
"комиссия qiwi";2;13;5367;252
"advcash комиссии";2;16;2758;212
"калькулятор комиссии";2;20;2227;252
"трудовая комиссия";2;17;44848;265
"согласительная комиссия";2;23;4295;191
"валюта комиссия";2;15;133114;156
"комиссия юмани";2;14;6655;164
"экспертная комиссия";2;19;22537;178
"инвентаризационная комиссия";2;27;9253;163
"антитеррористическая комиссия";2;29;13018;171
"комиссия валюта";2;15;133114;156
"комиссия wildberries";2;20;1722;187
"состав комиссии";2;15;94061;174
"ecommpay комиссия";2;17;184;184
"тинькофф комиссии";2;17;170772;167
"wildberries комиссия";2;20;1722;187
"комиссия ясиро";2;14;1073;187
"комиссией";1;9;4006212;162
"ликвидационная комиссия";2;23;7747;181
"жилищная комиссия";2;17;9180;188
"военная комиссия";2;16;22577;155
"комиссия мсэ";2;12;3729;122
"конфликтная комиссия";2;20;6025;126
"иммунологическая комиссия";2;25;1293;137
"комиссия еаэс";2;13;1883;125
"уложенной комиссии";2;18;54869;131
"квалификационная комиссия";2;25;13654;122
"комиссия логопедическая";2;23;5914;151
"комиссии сбербанка";2;18;475043;131
"председатель комиссии";2;21;54073;143
"антинаркотическая комиссия";2;26;4367;130
"логопедическая комиссия";2;23;5914;151
"комиссии брокеров";2;17;22051;149
"комиссия биткоин";2;16;9488;123
"примирительная комиссия";2;23;2531;140
"транспортная комиссия";2;21;6515;152
"эвакуационная комиссия";2;22;5357;118
"комиссия брундтланд";2;19;238;102
"комиссия доллар";2;15;63271;107
"евразийская комиссия";2;20;22635;110
"приемочная комиссия";2;19;12627;107
"комиссии сбп";2;12;35575;108
"комиссия синоним";2;16;326;106
"payeer комиссия";2;15;3233;112
"boosty комиссия";2;15;389;109
"экзаменационная комиссия";2;24;13128;111
"доллар комиссия";2;15;63271;107
"счетная комиссия";2;16;6303;112
"комиссия payeer";2;15;3233;112
"балансовая комиссия";2;19;1567;106
"заседание комиссии";2;18;59964;110
"комиссия тпмпк";2;14;970;116
"комиссия спб";2;12;34188;100
"дисциплинарная комиссия";2;23;4885;89
"цб комиссия";2;11;11177;91
"сбп комиссии";2;12;32224;95
"unionpay комиссия";2;17;1500;91
"комиссия гк";2;11;1355;93
"комиссия пейпал";2;15;703;90
"кадровая комиссия";2;17;6088;97
"заградительная комиссия";2;23;819;95
"комиссия перевод";2;16;331708;95
"гк комиссия";2;11;1355;93
"юмани комиссии";2;14;6655;98
"медицинские комиссии";2;20;67531;96
"цикловая комиссия";2;17;2079;90
"член комиссии";2;13;76429;95
"апелляционная комиссия";2;22;4330;100
"комиссия пуф";2;12;2987;89
"комиссия стима";2;14;5137;76
"комиссия цпмпк";2;14;2276;81
"комиссия ес";2;11;1541;83
"дунайская комиссия";2;18;210;79
"комиссий";1;8;4006159;81
"пройти комиссию";2;15;75065;77
"редакционная комиссия";2;21;6400;86
"комиссия тенре";2;14;456;83
"advcash комиссия";2;16;2758;85
"агентская комиссия";2;18;3446;81
"комиссия обсе";2;13;575;87
"комиссия eth";2;12;1145;86
"telderi комиссия";2;16;80;79
"комиссии вайлдберриз";2;20;5949;84
"спб комиссия";2;12;31637;87
"комиссия пдн";2;12;1787;76
"комиссия ozon";2;13;1159;68
"брокерская комиссия";2;19;10575;70
"пмк комиссия";2;12;979;73
"финам комиссии";2;14;2190;69
"решение комиссии";2;16;99682;72
"комиссии найсхеш";2;16;473;69
"комиссия вкк";2;12;679;75
"какая комиссия";2;14;323827;72
"втб комиссии";2;12;119867;74
"комиссия вебмани";2;16;2072;71
"бусти комиссия";2;14;231;76
"вкк комиссия";2;12;679;75
"комиссия втэк";2;13;1944;69
"расчет комиссии";2;15;4478;73
"комиссия вб";2;11;1233;76
"сбербанк комиссии";2;17;440958;67
"конституционная комиссия";2;24;2098;58
"комиссии инадзумы";2;17;1457;60
"эквайринг комиссия";2;18;9005;63
"взимается комиссия";2;18;27772;59
"nicehash комиссии";2;17;430;62
"банковская комиссия";2;19;103565;58
"комиссия биржи";2;14;26859;65
"закупочная комиссия";2;19;4611;62
"конкурсная комиссия";2;19;12054;64
"комиссия пдк";2;12;360;61
"комиссия тэнре";2;14;3614;66
"чрезвычайная комиссия";2;21;14277;64
"порно комиссия";2;14;1313;59
"школьная комиссия";2;17;2728;64
"бкс комиссия";2;12;4082;66
"gminer комиссия";2;15;149;57
"комиссия сбера";2;14;51894;53
"комиссия еэк";2;12;1058;55
"газпромбанк комиссия";2;20;25449;55
"qiwi комиссии";2;13;5367;54
"эквайринговых комиссий";2;22;6310;55
"блаженная комиссия";2;18;165;54
"webmoney комиссия";2;17;1042;56
"комиссия эквайринга";2;19;8836;55
"протокол комиссии";2;17;61573;55
"авто комиссия";2;13;1767;55
"комиссия btc";2;12;1776;56
"секс комиссии";2;13;529;56
"комиссии wildberries";2;20;1722;54
"комиссия договор";2;16;46801;55
"комиссия брокеров";2;17;22051;56
"заключение комиссии";2;19;25593;52
"рассчитать комиссию";2;19;2803;46
"археографическая комиссия";2;25;683;47
"paysend комиссия";2;16;502;49
"exmo комиссии";2;13;447;47
"комиссия оон";2;12;4631;48
"комиссия фонда";2;14;4891;46
"комиссия wb";2;11;535;50
"акт комиссии";2;12;28672;48
"уложенные комиссии";2;18;54869;49
"посчитать комиссию";2;18;1567;47
"комиссия кандзе";2;15;892;50
"топонимическая комиссия";2;23;401;50
"donationalerts комиссия";2;23;169;47
"мед комиссия";2;12;14213;49
"комиссия образована";2;19;9897;52
"комиссия доллара";2;16;63271;45
"антикоррупционная комиссия";2;26;1512;37
"bybit комиссии";2;14;238;39
"комиссия 1";2;10;53470;41
"комиссия центробанка";2;20;2561;38
"комиссия риэлтора";2;17;2555;39
"кахановская комиссия";2;20;99;38
"три комиссия";2;12;5466;44
"размер комиссии";2;15;12041;41
"административные комиссии";2;25;24836;43
"комиссия рспп";2;13;460;39
"сколько комиссия";2;16;119092;44
"комиссия валберис";2;17;902;44
"стипендиальная комиссия";2;23;630;38
"комиссия кдн";2;12;1095;42
"комиссия эфира";2;14;1670;45
"депозитарная комиссия";2;21;731;37
"skrill комиссии";2;15;168;37
"комиссия цмпк";2;13;661;36
"комиссии банков";2;15;422775;35
"единая комиссия";2;15;11866;35
"отмена комиссии";2;15;8087;35
"водительские комиссии";2;21;60624;34
"комиссия озона";2;14;9093;34
"эвакуационные комиссии";2;22;5357;34
"федеральная комиссия";2;20;19472;33
"комиссии юмани";2;14;6655;98
"usdt комиссия";2;13;3228;54
"комиссия вк";2;11;2190;53
"формулярная комиссия";2;20;391;33
"эдукационная комиссия";2;21;164;33
"рабочая комиссия";2;16;12887;32
"аукционная комиссия";2;19;2750;32
"метод комиссий";2;14;2525;32
"спортивная комиссия";2;19;2066;32
"комиссия калькулятор";2;20;2227;41
"комиссия мпк";2;12;1426;48
"payoneer комиссии";2;17;458;59
"киви комиссии";2;13;34730;61
"медицинской комиссии";2;20;67531;31
"финансовая комиссия";2;19;4887;31
"антимонопольная комиссия";2;24;1562;32
"комиссия unionpay";2;17;1500;91
"межправительственная комиссия";2;29;1105;31
"webmoney комиссии";2;17;1042;37
"парламентская комиссия";2;22;1232;31
"huobi комиссии";2;14;445;38
"комиссия денег";2;14;318255;30
"комиссии киви";2;13;34730;61
"создание комиссии";2;17;67673;30
"специальная комиссия";2;20;17978;30
"комиссия биткоина";2;17;9488;30
"бюджетная комиссия";2;18;5091;30
"противопаводковая комиссия";2;26;600;30
"эвакоприемные комиссии";2;22;536;30
"currency комиссии";2;17;359;50
"комиссия яндекс";2;15;13250;46
"слово комиссия";2;14;4050;33
"озон комиссии";2;13;8924;220
"swift комиссия";2;14;2178;47
"комиссия пула";2;13;1117;29
"комиссия букинга";2;16;586;29
"комиссия найсхеш";2;16;473;39
"пдк комиссия";2;12;347;64
"комиссии втб";2;12;119867;74
"виды комиссий";2;13;9843;28
"приорбанк комиссия";2;18;2506;34
"отборочная комиссия";2;19;1036;29
"островок комиссия";2;17;784;43
"erc20 комиссия";2;14;687;54
"exodus комиссия";2;15;320;37
"скарбовая комиссия";2;18;124;28
"договора комиссии";2;17;46801;27
"европейской комиссии";2;20;6420;27
"комиссия агентства";2;18;2944;27
"биржевая комиссия";2;17;1368;28
"комиссии payoneer";2;17;458;59
"комиссия payoneer";2;17;458;43
"патриаршая комиссия";2;19;311;27
"трансфузиологическая комиссия";2;29;100;27
"nbminer комиссия";2;16;69;34
"работа комиссии";2;15;98865;26
"территориальная комиссия";2;24;21361;26
"пуф комиссия";2;12;2736;86
"арбитражная комиссия";2;20;2520;26
"комиссия erc20";2;14;664;52
"женская комиссия";2;16;461;26
"комиссии currency";2;17;380;67
"комиссия уоррена";2;16;52;26
"аттестационной комиссии";2;23;43031;25
"райффайзенбанк комиссия";2;23;9129;28
"комиссии криптовалют";2;20;4028;25
"бкс комиссии";2;12;4082;36
"независимая комиссия";2;20;3357;33
"комиссии payeer";2;15;3233;242
"северная комиссия";2;17;1770;26
"комиссия сперанского";2;20;1238;25
"разрешительная комиссия";2;23;1205;25
"комиссия пмк";2;12;1003;80
"комиссия эфириум";2;16;743;39
"moneygram комиссия";2;18;168;34
"комиссия газпромбанка";2;21;25449;24
"комиссия теле2";2;14;23768;29
"комиссия advcash";2;16;2758;85
"комиссия 38";2;11;836;24
"комиссия депозитария";2;20;603;24
"комиссия плавсостава";2;20;484;24
"этическая комиссия";2;18;437;24
"ясельная комиссия";2;17;365;24
"cloudpayments комиссия";2;22;45;25
"страсбургская комиссия";2;22;27;24
"банковские комиссии";2;19;103565;23
"комиссия биржа";2;14;26860;30
"альфа комиссия";2;14;141922;35
"таможенная комиссия";2;19;16157;23
"комиссия военкомат";2;18;10929;43
"комиссия райффайзен";2;19;15891;31
"психиатрическая комиссия";2;24;4345;24
"paypal комиссии";2;15;2479;44
"комиссии госдумы";2;16;1452;23
"приписная комиссия";2;18;466;24
"nicehash комиссия";2;17;430;45
"комиссия тальявини";2;18;76;24
"комиссии банка";2;14;422780;22
"комиссия президента";2;19;18453;22
"процент комиссии";2;16;30957;22
"возврат комиссии";2;16;10701;22
"eth комиссия";2;12;1145;86
"ozon комиссия";2;13;1159;68
"лицензионная комиссия";2;21;1325;22
"тпмпк комиссия";2;14;952;111
"пейпал комиссия";2;15;504;65
"найсхеш комиссии";2;16;473;58
"комиссия nicehash";2;17;430;45
"тпмк комиссия";2;13;114;22
"комиссия банков";2;15;422775;21
"центральная комиссия";2;20;26422;21
"ревизионной комиссии";2;20;23514;21
"комиссии бинанса";2;16;14890;21
"комиссия эквайринг";2;18;8836;63
"секретарь комиссии";2;18;7649;21
"комиссия usdt";2;13;3228;54
"комиссия соут";2;13;2904;24
"комиссии paypal";2;15;2479;44
"втэк комиссия";2;13;1944;69
"котировочная комиссия";2;21;1273;21
"комиссия webmoney";2;17;1042;56
"юмоней комиссия";2;15;678;26
"комиссия правописание";2;21;510;29
"boosty комиссии";2;15;389;21
"робокасса комиссия";2;18;198;26
"мак комиссия";2;12;138;34
"комиссия бтс";2;12;127;21
"комиссия шарты";2;14;35;21
"комиссии сбербанк";2;17;475043;80
"сбер комиссия";2;13;47946;20
"военкомат комиссия";2;18;10929;43
"федеральные комиссии";2;20;19472;20
"аккредитационной комиссии";2;25;22284;20
"комиссия определение";2;20;9611;20
"комиссия промсвязьбанк";2;22;6698;32
"комиссия инвалидность";2;21;10950;23
"вебмани комиссия";2;16;2072;71
"вк комиссия";2;11;2190;53
"комиссия эфир";2;13;1512;27
"комиссии майнеров";2;17;639;20
"противоэпизоотическая комиссия";2;30;557;20
"эвакоприемная комиссия";2;22;536;20
"ппк комиссия";2;12;333;20
"2miners комиссия";2;16;241;30
"комиссия our";2;12;180;26
"внутрипроверочная комиссия";2;26;132;20
"комиссия мпцкп";2;14;38;21
"договор комиссия";2;16;46801;55
"межведомственные комиссии";2;25;23814;19
"антитеррористической комиссии";2;29;13018;19
"бракеражной комиссии";2;20;7476;19
"комиссии биткоин";2;16;9488;22
"комиссия врачей";2;15;15674;19
"комиссия яндекса";2;16;13250;19
"беларусбанк комиссия";2;20;6265;33
"взимать комиссию";2;16;6381;20
"комиссия бкс";2;12;4082;66
"вайлдберриз комиссии";2;20;5949;84
"наблюдательная комиссия";2;23;2966;19
"комиссию считать";2;16;2717;22
"комиссия visa";2;13;1719;28
"градостроительная комиссия";2;26;1223;19
"цупис комиссия";2;14;1199;36
"автомобильная комиссия";2;22;920;19
"money комиссия";2;14;963;23
"комиссия мсэк";2;13;735;22
"комиссия майнеров";2;17;583;19
"ложная комиссия";2;15;469;19
"ftx комиссии";2;12;209;22
"каноническая комиссия";2;21;218;20
"комиссия роблокс";2;16;191;19
"мцпк комиссия";2;13;94;35
"влк комиссия";2;12;57;20
"комиссия альфа";2;14;132943;37
"комиссия взимается";2;18;27772;59
"участковые комиссии";2;19;16112;18
"детская комиссия";2;16;19097;21
"совкомбанк комиссии";2;19;13620;21
"комиссия 50";2;11;5919;19
"методическая комиссия";2;21;4897;18
"комиссии advcash";2;16;2758;212
"комиссия swift";2;14;2178;47
"комиссия авито";2;14;2498;27
"комиссия свифт";2;14;1531;27
"межбанковская комиссия";2;22;1501;18
"пищевая комиссия";2;16;1067;18
"комиссия маркетплейсов";2;22;1071;18
"комиссия пайпал";2;15;200;24
"комиссии криптобирж";2;19;171;18
"комиссия кэк";2;12;161;28
"геральдическая комиссия";2;23;133;18
"каренси комиссии";2;16;100;24
"комиссия поспелова";2;18;91;18
"lolminer комиссия";2;17;82;31
"эпо комиссия";2;12;62;18
"купить комиссию";2;15;60055;17
"комиссия 5";2;10;23925;17
"правительственные комиссии";2;26;29230;17
"ревизионные комиссии";2;20;23513;17
"брокеры комиссии";2;16;22051;18
"призывные комиссии";2;18;21567;17
"комиссия финам";2;14;2430;35
"комиссия кчс";2;12;1535;19
"комиссия цупис";2;14;1172;38
"комиссия прилагательное";2;23;386;18
"комиссия влэк";2;13;363;26
"комиссия мвк";2;12;282;32
"землеустроительные комиссии";2;27;234;17
"yobit комиссии";2;14;169;21
"юкасса комиссия";2;15;136;25
"юкасса комиссии";2;15;136;20
"bitpapa комиссия";2;16;61;17
"donatepay комиссия";2;18;29;21
"комиссия онлайн";2;15;92454;20
"комиссия валюты";2;15;133114;16
"межведомственной комиссии";2;25;23816;16
"врачебной комиссии";2;18;37169;16
"создать комиссию";2;16;23217;16
"комиссия россельхозбанка";2;24;13676;16
"педагогическая комиссия";2;23;21732;19
"высокая комиссия";2;16;8953;16
"примирительные комиссии";2;23;2531;16
"wildberries комиссии";2;20;1722;54
"комиссии вб";2;11;1233;24
"летная комиссия";2;15;1107;17
"комиссия bnb";2;12;954;25
"оценочная комиссия";2;18;872;16
"юнистрим комиссия";2;17;673;27
"наградная комиссия";2;18;472;16
"payoneer комиссия";2;17;458;43
"trc20 комиссия";2;14;425;29
"тендерная комиссия";2;18;375;16
"паводковая комиссия";2;19;358;16
"комиссия склонение";2;18;188;20
"комиссия гоэлро";2;15;184;17
"антидопинговая комиссия";2;23;124;16
"комиссия тикетлэнд";2;18;49;16
"банки комиссия";2;14;422780;17
"избирательной комиссии";2;22;114609;15
"антитеррористические комиссии";2;29;13018;15
"финам комиссия";2;14;2190;33
"мандатной комиссии";2;18;2195;15
"комиссия минфина";2;16;1099;15
"комиссии ozon";2;13;1159;21
"комиссия псков";2;14;1044;15
"комиссия bitcoin";2;16;653;30
"bitcoin комиссия";2;16;653;30
"комиссия двфу";2;13;353;22
"комиссии двфу";2;13;353;30
"двфу комиссии";2;13;353;30
"завалил комиссию";2;16;301;15
"мвк комиссия";2;12;282;32
"комиссия sha";2;12;221;25
"coinbase комиссии";2;17;154;17
"комиссия gminer";2;15;147;51
"комиссия ethermine";2;18;131;23
"kwork комиссия";2;14;97;22
"комиссия мцпк";2;13;94;35
"sberpay комиссия";2;16;73;17
"какую комиссию";2;14;323818;14
"медицинскую комиссию";2;20;67531;14
"уложенную комиссию";2;18;54869;14
"государственная комиссия";2;24;45468;14
"прохождение комиссии";2;20;19982;14
"комиссия создана";2;16;24703;19
"яндекс комиссия";2;15;13497;45
"постоянные комиссии";2;19;14284;16
"брокерские комиссии";2;19;10575;14
"экзаменационной комиссии";2;24;13128;14
"региональная комиссия";2;21;11160;14
"контрольная комиссия";2;20;6814;14
"комиссии qiwi";2;13;5367;54
"эквайринговой комиссии";2;22;6310;14
"комиссия беларусбанк";2;20;6265;33
"комиссия беларусбанка";2;21;6265;14
"согласительные комиссии";2;23;4295;14
"мсэ комиссия";2;12;3729;125
"комиссия уложения";2;17;2662;14
"комиссии финам";2;14;2430;77
"калькулятор комиссий";2;20;2227;14
"комиссия авто";2;13;1767;55
"еаэс комиссия";2;13;1883;125
"взимание комиссии";2;17;1508;14
"комиссия мастеркард";2;19;1494;25
"комиссия порно";2;14;1370;60
"комиссия steam";2;14;564;23
"секс комиссия";2;13;529;17
"комиссии оп";2;11;481;14
"комиссия итмо";2;13;450;22
"exmo комиссия";2;13;447;24
"комиссия etf";2;12;318;14
"okx комиссии";2;12;198;15
"сюмацубан комиссия";2;18;197;15
"вкс комиссия";2;12;172;17
"teamredminer комиссия";2;21;37;20
"право комиссия";2;14;80402;14
"комиссии пмпк";2;13;26232;13
"комиссия 2";2;10;50168;13
"комиссии брокера";2;16;22051;13
"инвестиции комиссия";2;19;20973;19
"правительственной комиссии";2;26;29230;13
"экспертные комиссии";2;19;22537;13
"образование комиссии";2;20;25467;13
"взиматься комиссия";2;18;27772;13
"комиссия бинанса";2;16;14890;13
"комиссия нарколог";2;17;15688;23
"трехсторонней комиссии";2;22;6930;13
"комиссии оон";2;12;4631;17
"комиссия госуслуги";2;18;3299;15
"комиссия агента";2;15;2695;14
"комиссия приорбанка";2;19;2645;13
"спорт комиссия";2;14;1769;13
"мпк комиссия";2;12;1415;42
"tinkoff комиссия";2;16;1346;16
"комиссии eth";2;12;1145;14
"кворум комиссии";2;15;753;13
"комиссия пейпала";2;16;703;13
"комиссия пнд";2;12;599;22
"комиссии nicehash";2;17;430;62
"проблемная комиссия";2;19;319;13
"комиссия мак";2;12;138;34
"комиссия lolminer";2;17;101;40
"хентай комиссии";2;15;83;13
"редукционная комиссия";2;21;52;13
"koronapay комиссия";2;18;49;14
"комиссия говорухина";2;19;37;13
"комиссия минца";2;14;23;13
"тройственная комиссия";2;21;22;13
"социальная комиссия";2;19;17500;13
"комиссия бинансе";2;16;14892;14
"международная комиссия";2;22;8419;12
"валютная комиссия";2;17;8762;12
"правовая комиссия";2;17;6668;12
"судебная комиссия";2;17;5925;12
"эквайринговую комиссию";2;22;6309;12
"комиссия 0";2;10;4054;12
"земельная комиссия";2;18;3529;12
"окружная комиссия";2;17;2907;12
"выборная комиссия";2;17;2583;12
"уложение комиссии";2;17;2475;12
"комиссии вебмани";2;16;2072;20
"оренбургская комиссия";2;21;2053;12
"венецианской комиссии";2;21;1996;12
"тарифная комиссия";2;17;1825;12
"комиссия фото";2;13;1809;16
"btc комиссия";2;12;1776;56
"комиссия госдумы";2;16;1452;12
"выездная комиссия";2;17;1222;13
"форекс комиссия";2;15;1152;20
"эфириум комиссия";2;16;746;38
"комиссия ethereum";2;17;754;20
"комиссия алиэкспресс";2;20;721;15
"комиссия островок";2;17;723;40
"opensea комиссия";2;16;450;20
"opensea комиссии";2;16;461;18
"вак комиссия";2;12;439;18
"антикризисная комиссия";2;22;435;13
"metamask комиссии";2;17;388;18
"факторинг комиссия";2;18;387;13
"exodus комиссии";2;15;320;18
"комиссия синонимы";2;17;326;16
"синоним комиссия";2;16;313;93
"инспекционная комиссия";2;22;290;12
"комиссия фанпей";2;15;168;13
"okex комиссии";2;13;169;16
"комиссия кворк";2;14;111;19
"g2g комиссия";2;12;68;19
"убыточные комиссии";2;18;58;12
"комиссия салье";2;14;47;12
"forex4you комиссии";2;18;34;13
"хельсинкская комиссия";2;21;35;12
"комиссия зос";2;12;27;13
"договоры комиссии";2;17;46801;11
"комиссия права";2;14;82982;16
"комиссию прохожу";2;16;77936;14
"комиссии сбера";2;14;47946;11
"спб комиссии";2;12;31637;17
"комиссия 3";2;10;29277;13
"призывной комиссии";2;18;21569;11
"комиссия денежная";2;17;25272;21
"техническая комиссия";2;20;19818;11
"комиссия 10";2;11;15011;13
"предметная комиссия";2;19;11571;11
"комиссия псб";2;12;12056;20
"биткоин комиссия";2;16;9488;123
"верховная комиссия";2;18;6845;11
"три комиссии";2;12;5876;11
"комиссия сети";2;13;5274;11
"комиссии бкс";2;12;4082;36
"комиссии тэнре";2;14;3614;11
"комиссия школьная";2;17;2800;54
"комиссия приорбанк";2;18;2645;40
"ведомственная комиссия";2;22;1828;11
"мастеркард комиссия";2;19;1494;25
"комиссии маркетплейсов";2;22;1189;11
"комиссия фас";2;12;1153;11
"комиссия мосбиржи";2;17;991;11
"президентская комиссия";2;22;841;11
"собянин комиссия";2;16;785;20
"связной комиссия";2;16;657;11
"комиссии wb";2;11;595;17
"комиссия майнера";2;16;583;11
"комиссия директ";2;15;477;11
"комиссия нря";2;12;401;14
"metamask комиссия";2;17;388;18
"комиссия евросоюза";2;18;271;11
"viabtc комиссия";2;15;217;14
"polygon комиссия";2;16;195;12
"броневик комиссия";2;17;166;20
"litecoin комиссии";2;17;149;12
"kucoin комиссии";2;15;139;13
"funpay комиссия";2;15;106;22
"комиссия ламода";2;15;100;14
"елама комиссия";2;14;96;16
"запретительная комиссия";2;23;93;11
"комиссия мпмк";2;13;41;11
"exante комиссии";2;15;20;12
"5761912 комиссия";2;16;13;11
"оплата комиссии";2;15;112677;10
"членам комиссии";2;15;76426;10
"положение комиссии";2;18;52876;10
"открытие комиссия";2;17;24534;16
"денежная комиссия";2;17;25272;21
"мир комиссия";2;12;25855;22
"нарколог комиссия";2;17;14923;22
"московская комиссия";2;19;12713;10
"комиссия гибдд";2;14;12626;11
"пожарная комиссия";2;17;11729;11
"функции комиссии";2;16;12111;10
"образована комиссия";2;19;9511;46
"проверяющая комиссия";2;20;6025;10
"европейский комиссия";2;20;6420;10
"промсвязьбанк комиссия";2;22;6117;30
"зарплатная комиссия";2;19;3972;13
"комиссия криптовалют";2;20;3925;11
"подсчет комиссии";2;16;3619;10
"налоговая комиссия";2;18;3616;10
"комиссия считать";2;16;2717;10
"метод комиссии";2;14;2525;11
"авито комиссия";2;14;2435;28
"комиссия огэ";2;12;2235;12
"unionpay комиссии";2;17;1336;14
"комиссия маркетплейса";2;21;1189;10
"p2p комиссия";2;12;1114;12
"комиссии госсовета";2;18;1014;10
"этажи комиссия";2;14;779;15
"комиссии ethereum";2;17;754;10
"комиссия юнистрим";2;17;654;27
"археографические комиссии";2;25;683;10
"комиссия ммвб";2;13;649;10
"комиссия exmo";2;13;447;24
"huobi комиссия";2;14;430;17
"currency комиссия";2;17;376;19
"смотровая комиссия";2;18;339;10
"племенная комиссия";2;18;326;10
"busd комиссия";2;13;313;13
"автотранспортная комиссия";2;25;280;10
"дегустационная комиссия";2;23;243;10
"sha комиссия";2;12;221;25
"кэк комиссия";2;12;161;28
"комиссия etherium";2;17;151;14
"litecoin комиссия";2;17;149;13
"комиссия евразэс";2;16;144;11
"комиссия мейкера";2;16;133;10
"претензионная комиссия";2;22;129;10
"кили комиссия";2;13;128;18
"vnish комиссия";2;14;125;13
"комиссия цпд";2;12;122;11
"комиссия airbnb";2;15;121;16
"nanopool комиссия";2;17;116;15
"комиссия кворка";2;15;111;10
"bitzlato комиссия";2;17;99;13
"допризывная комиссия";2;20;94;10
"комиссия кру";2;12;91;18
"paxum комиссии";2;14;90;10
"комиссия саймона";2;16;65;11
"комиссия иконка";2;15;48;14
"цвк комиссия";2;12;44;15
"xsolla комиссия";2;15;32;10
"комиссия пкпм";2;13;30;12
"mossberg комиссия";2;17;28;10
"player комиссии";2;15;27;11
"комиссия литтона";2;16;18;10
"captrader комиссии";2;18;16;10
"комиссия аффилиата";2;18;15;10
"fxcm комиссия";2;13;10;10
"комиссия банк";2;13;422774;12
"приемной комиссии";2;17;76611;9
"членов комиссии";2;15;76423;9
"комиссия россии";2;15;55926;9
"аттестационную комиссию";2;23;43031;9
"выводы комиссии";2;15;30604;9
"комиссия ржд";2;12;28044;17
"комиссия почты";2;14;28649;9
"муниципальная комиссия";2;22;21587;9
"система комиссий";2;16;23605;9
"брокер комиссии";2;15;22051;11
"комиссия психиатра";2;18;18328;9
"участковая комиссия";2;19;16112;9
"стоимость комиссии";2;18;12279;9
"райффайзенбанк комиссии";2;23;9129;10
"минимальная комиссия";2;20;9524;9
"комиссия инвентаризации";2;23;7878;10
"организованная комиссия";2;23;4021;10
"страховая комиссия";2;18;3584;9
"комиссия ндс";2;12;3224;9
"комиссия агенту";2;15;2695;9
"уик комиссия";2;12;2556;10
"вод комиссия";2;12;2223;9
"калькулятор комиссия";2;20;2227;41
"visa комиссия";2;13;1719;28
"морская комиссия";2;16;1738;9
"уважаемая комиссия";2;18;1186;9
"комиссия таксопарка";2;19;1085;9
"комиссии валберис";2;17;902;12
"проф комиссия";2;13;834;10
"букинг комиссия";2;15;586;13
"комиссии итмо";2;13;575;12
"комиссия медкнижка";2;18;586;15
"радуга комиссия";2;15;561;21
"комиссия рко";2;12;545;10
"steam комиссия";2;14;564;23
"комиссия радуга";2;15;513;18
"комиссии ркф";2;12;487;16
"ркф комиссии";2;12;446;13
"комиссии exmo";2;13;447;47
"комиссия currency";2;17;380;18
"кодификационные комиссии";2;24;377;9
"влэк комиссия";2;13;363;26
"комиссия гэк";2;12;302;15
"комиссия кпк";2;12;300;13
"комиссия exodus";2;15;287;34
"trx комиссия";2;12;254;12
"дальневосточная комиссия";2;24;233;9
"roboforex комиссия";2;18;232;10
"комиссия эквайера";2;17;183;9
"комиссия moneygram";2;18;168;34
"комиссия птк";2;12;164;11
"комиссии склонение";2;18;160;9
"комиссия solana";2;15;133;13
"комиссия каренси";2;16;97;11
"комиссия тейкера";2;16;94;9
"wise комиссии";2;13;66;10
"paysera комиссии";2;16;51;11
"комиссия upwork";2;15;49;13
"kraken комиссии";2;15;46;10
"trustpool комиссия";2;18;38;14
"укс20 комиссия";2;14;33;13
"кохановская комиссия";2;20;21;9
"комиссия пиля";2;13;16;9
"комиссия этимология";2;19;14;9
"комиссия банкомата";2;18;157152;8
"валюта комиссии";2;15;133114;16
"водительскую комиссию";2;21;60624;8
"медицинский комиссия";2;20;67531;8
"проведение комиссии";2;19;44429;8
"1 комиссия";2;10;53470;41
"сумма комиссии";2;14;45495;8
"ревизионную комиссию";2;20;23513;8
"комиссия брокер";2;15;22051;11
"комиссия брокеру";2;16;22051;8
"постановление комиссии";2;22;22977;8
"экономическая комиссия";2;22;26900;8
"шоферскую комиссию";2;18;22778;8
"аккредитационную комиссию";2;25;22284;8
"комиссия мед";2;12;14213;49
"совкомбанк комиссия";2;19;13620;10
"задачи комиссии";2;15;12718;8
"общественная комиссия";2;21;10049;8
"россельхозбанк комиссия";2;23;12430;8
"псб комиссия";2;12;10935;18
"жилищные комиссии";2;17;9180;8
"комиссия экспертов";2;18;8188;8
"комиссия мвд";2;12;6476;10
"регламент комиссии";2;18;5823;8
"рнкб комиссия";2;13;4167;13
"воинская комиссия";2;17;4015;9
"usdt комиссии";2;13;3228;12
"молодежная комиссия";2;19;3288;8
"комиссия егэ";2;12;3239;9
"комиссия 13";2;11;2773;9
"строительная комиссия";2;21;2511;8
"наркологическая комиссия";2;24;2032;8
"вебмани комиссии";2;16;2072;20
"компенсация комиссии";2;20;1800;8
"следственная комиссия";2;21;1607;8
"свифт комиссия";2;14;1462;24
"республиканская комиссия";2;24;1393;8
"отраслевая комиссия";2;19;1226;8
"вб комиссии";2;11;1233;24
"комиссия овз";2;12;1196;8
"координационная комиссия";2;24;1158;9
"инвестиционная комиссия";2;23;1049;8
"валберис комиссия";2;17;902;44
"комиссия бдд";2;12;855;9
"мосбиржа комиссии";2;17;795;10
"nft комиссия";2;12;771;13
"ethereum комиссия";2;17;754;20
"тарификационная комиссия";2;24;718;8
"фиксированная комиссия";2;22;716;8
"комиссия mastercard";2;19;655;9
"пнд комиссия";2;12;602;21
"итмо комиссия";2;13;575;29
"судейская комиссия";2;18;508;8
"рспп комиссии";2;13;463;17
"найсхеш комиссия";2;16;473;39
"комиссия opensea";2;16;450;20
"комиссия окулиста";2;17;452;8
"комиссия huobi";2;14;444;18
"профи комиссия";2;14;428;8
"антитеррор комиссия";2;19;367;11
"адм комиссия";2;12;358;8
"комиссия ан";2;11;331;9
"атон комиссия";2;13;270;9
"бусти комиссии";2;14;231;12
"booking комиссия";2;16;233;15
"мобилизационная комиссия";2;24;223;8
"комиссия юкасса";2;15;136;29
"ethermine комиссия";2;18;131;23
"комиссия кили";2;13;128;18
"пульс комиссия";2;14;113;8
"комиссия funpay";2;15;112;24
"комиссия впк";2;12;101;13
"люксембургская комиссия";2;23;100;8
"кру комиссия";2;12;91;18
"комиссия f2pool";2;15;79;17
"f2pool комиссия";2;15;78;11
"евроазиатская комиссия";2;22;74;8
"ухоженная комиссия";2;18;72;8
"localbitcoins комиссия";2;22;56;10
"эротика комиссия";2;16;56;8
"alipay комиссия";2;15;57;10
"иштфтсу комиссии";2;16;53;8
"комиссия спбгпу";2;15;53;8
"комиссия мафия";2;14;49;10
"uniswap комиссии";2;16;47;10
"комиссия appstore";2;17;38;8
"stripe комиссия";2;15;37;11
"сберпэй комиссия";2;16;31;10
"муравьевская комиссия";2;21;26;8
"xlm комиссия";2;12;24;8
"bitfenix комиссии";2;17;23;8
"idpay комиссия";2;14;9;8
"комиссию пройти";2;15;77925;77
"другие комиссии";2;15;99291;7
"кредитные комиссии";2;18;64368;7
"заседания комиссии";2;18;59964;7
"2 комиссии";2;10;50168;7
"доллары комиссия";2;16;42874;14
"биржа комиссия";2;14;26860;30
"открытие комиссии";2;17;24534;9
"комиссия жкх";2;12;25138;10
"брокеры комиссия";2;16;22051;8
"комиссии газпромбанка";2;21;25449;7
"военной комиссии";2;16;22579;7
"военную комиссию";2;16;22577;7
"назначение комиссии";2;19;17102;7
"медико комиссия";2;15;17220;7
"комиссия оружие";2;15;16937;9
"изменение комиссии";2;18;13547;8
"бинансе комиссии";2;16;14892;10
"росбанк комиссия";2;16;13138;9
"комиссия 100";2;12;10828;7
"виды комиссии";2;13;9843;8
"эквайринг комиссии";2;18;9005;8
"тик комиссия";2;12;8793;8
"комиссия терминала";2;18;9897;7
"перед комиссией";2;15;7497;7
"инвентаризация комиссия";2;23;7878;8
"комиссия чс";2;11;6856;7
"редакционных комиссий";2;21;6400;7
"взимает комиссию";2;16;6381;7
"комиссия хабаровск";2;18;5567;7
"временная комиссия";2;18;5283;7
"согласительную комиссию";2;23;4295;7
"антинаркотической комиссии";2;26;4367;7
"учебная комиссия";2;16;4133;10
"комиссия рассчитать";2;19;2962;7
"предмет комиссии";2;16;2774;7
"лекарственная комиссия";2;22;2087;7
"цикловые комиссии";2;17;2079;7
"белагропромбанк комиссия";2;24;1880;11
"комиссия росреестра";2;19;1763;7
"комиссия црб";2;12;1692;9
"комиссия посчитать";2;18;1577;7
"комиссия самозанятого";2;21;1497;7
"комиссии форекс";2;15;1403;15
"белгазпромбанк комиссия";2;23;1352;10
"приедет комиссия";2;16;1347;11
"центробанк комиссия";2;19;1252;8
"комиссия победа";2;15;1172;13
"иис комиссии";2;12;1109;8
"скрытые комиссии";2;16;1074;7
"комиссия максим";2;15;1030;11
"политех комиссия";2;16;1018;14
"опо комиссия";2;12;992;11
"комиссия политех";2;16;1023;14
"комиссия островка";2;17;724;7
"россельхоз комиссия";2;19;707;7
"wb комиссия";2;11;595;56
"пограничная комиссия";2;20;539;7
"комиссия эмитента";2;17;555;7
"комиссия роспотребнадзора";2;25;517;7
"правописание комиссия";2;21;507;27
"комиссии правописание";2;21;510;9
"речевая комиссия";2;16;494;7
"комиссии рспп";2;13;460;13
"комиссия trc20";2;14;432;24
"комиссия профпригодности";2;24;402;7
"комиссия metamask";2;17;388;18
"комиссии гд";2;11;355;9
"двфу комиссия";2;13;353;22
"дипломная комиссия";2;18;334;7
"комиссия политбюро";2;18;307;7
"комиссия постановила";2;20;263;7
"сдэк комиссия";2;13;262;14
"комиссия достависта";2;19;238;14
"bybit комиссия";2;14;238;10
"комиссия пзз";2;12;240;7
"достависта комиссия";2;19;238;14
"комиссия booking";2;16;233;15
"комиссия мрэк";2;13;229;7
"комиссия биткойн";2;16;225;12
"твил комиссия";2;13;219;16
"комиссия 2miners";2;16;216;22
"оздоровительная комиссия";2;24;208;7
"okx комиссия";2;12;202;9
"факторинговая комиссия";2;22;199;7
"комиссия робокассы";2;18;200;7
"комиссия мп";2;11;190;7
"skrill комиссия";2;15;168;9
"комиссия гп";2;11;166;7
"комиссия криптобирж";2;19;162;7
"комиссия лайткоин";2;17;156;9
"комиссия лайткоина";2;18;156;7
"комиссия пиф";2;12;152;7
"комиссия ebay";2;13;140;10
"комиссия силуанова";2;18;131;7
"комиссия бурденко";2;17;133;7
"риэлторская комиссия";2;20;116;7
"комиссия пдтк";2;13;107;8
"рольф комиссия";2;14;106;9
"ib комиссии";2;11;102;9
"комиссия kwork";2;14;97;22
"трансгендерная комиссия";2;23;92;7
"комиссия нпк";2;12;94;9
"paxum комиссия";2;14;90;14
"комиссия вэк";2;12;89;12
"котировальная комиссия";2;22;75;7
"комиссия твича";2;14;72;7
